id,name
2728,Carlos del Cerro Grande
2602,Ricardo De Burgos Bengoetxea
2608,Alejandro José Hernández Hernández
2575,Santiago Jaime Latre
180,Antonio Miguel Mateu Lahoz
2609,José Luis Munuera Montero
2624,Daniel Jesús Trujillo Suárez
2434,Juan Martínez Munuera
183,Jesús Gil Manzano
211,José Luis González González
218,Ignacio Iglesias Villanueva
222,David Fernández Borbalan
2625,José María Sánchez Martínez
221,Alberto Undiano Mallenco
1008,Carlos Clos Gómez
1012,Carlos Delgado
2535,Carlos Velasco Carballo
1013,José Paradas
1003,Fernando Teixeira
1010,Antonio Rubinos Perez
999,Eduardo Iturralde Gonzalez
1001,Miguel Pérez
1004,Turienzo
2699,Manuel Enrique Mejuto Gonzalez
997,César Muñiz
1000,Rafael Ramírez Domínguez
1007,Alfonso Perez Burrull
1009,Miguel Ayza
1016,José Teixeira
1015,Pedro Jesús Pérez Montero
2419,Eduardo Prieto Iglesias
2480,Iñaki Bikandi Garrido
2692,Mario Melero López
212,Alfonso Álvarez Izquierdo
2604,Xavier Estrada Fernández
993,José Omar Losantos
994,Vicente José Lizondo Cortés
995,Puentes Leira
996,Carlos Megía Dávila
998,Arturo Daudén Ibáñez
1002,Bernardino Gonzalez
1005,Victor José Esquinas Torres
1006,Julian Rodriguez Santiago
1011,Luis Medina Cantalejo
2493,Pablo González Fuertes
2402,Guillermo Cuadra Fernández
2470,César Soto Grado
2559,Adrián Cordero Vega
866,Jorge Figueroa Vázquez
2634,Isidro Díaz de Mera Escuderos
1936,Toros Kibritjian
419,Nicola Rizzoli
252,Maurizio Mariani
266,Antonio Damato
268,Gianluca Rocchi
1008249,Angelo Cervellera
1940,Domenico Celi
250,Piero Giacomelli
261,Marco Guida
262,Daniele Doveri
258,Luca Banti
269,Daniele Orsato
257,Gianpaolo Calvarese	
259,Paolo Silvio Mazzoleni
253,Paolo Tagliavento
270,Massimiliano Irrati
263,Luca Pairetto
1946,Carmine Russo
251,Davide Massa
256,Claudio Gavillucci
249,Michael Fabbri
279,Davide Ghersini
264,Marco Di Bello
1008197,Andrea Gervasoni
267,Fabio Maresca
280,Gianluca Aureliano
260,Gianluca Manganiello
1003752,Francesco Paolo Saia
2554,Riccardo Ros
273,Daniele Chiffi
265,Paolo Valeri
887,Marco Serra
254,Rosario Abisso
271,Eugenio Abbattista
255,Fabrizio Pasqua
275,Federico La Penna
1009053,Luigi Agnolin
1004906,Crystal John
1004863,Harish Kundu
1004922,Ramachandran Venkatesh
1004912,Raul Gupta
1005422,Tejas Nagvenkar
1004958,Senthil Nathan
1005029,Aditya Purkayastha
1004970,Pratik Mondal
2459,Arumughan Rowan
1004981,Ashwin Mohanlal Kanojia
1004997,Coimbatore Ramaswamy Srikrishna
2479,Pranjal Banerji
1009055,José Roberto Ramiz Wright
727,Milorad Mažić
186,Felix Brych
708,Howard Webb
449,Viktor Kassai
717,Pedro Proença
287,Björn Kuipers
581,Cüneyt Çakιr
728,Mark Clattenburg
1009028,Jack Taylor
700,Herbert Fandel
420,Damir Skomina
705,Massimo Busacca
1920,Robert Helies
5,Andre Marriner
4,Martin Atkinson
7,Neil Swarbrick
9,Robert Madley
2,Craig Pawson
14,Mike Jones
8,Anthony Taylor
1,Michael Oliver
12,Kevin Friend
10,Lee Mason
13,Roger East
3,Jonathan Moss
6,Mike Dean
11,Graham Scott
17,Paul Tierney
50,Keith Stroud
16,Stuart Attwell
74,Simon Hooper
669,Michael Riley
1008015,Robert Styles
1008017,Neale Barry
1008016,Alan Wiley
1009054,Gerasimos Germanakos
1932,Michel Vautrot
1929,Siegfried Kirschen
895,Abigail Marriott
937,Abigail Byrne
894,Lucy Oliver
914,Kirsty Dowle
908,Aaron Jackson
109,Darren England
566,Rebecca Welch
918,Jane Simms
905,Sam Purkiss
900,Jacob Miles
932,Tom Bishop
915,Rob Whitton
906,Steven Copeland
569,Jason Richardson
565,James Bell
898,Amy Fearn
568,Jack Packman
567,Helen Conley
893,Stacey Pearson
897,Paul Howard
917,Lewis Sandoe
919,Simon Mather
925,Lee Brennan
902,David McNamara
831,Sarah Garratt
896,Scott Jackson
922,Matthew Russell
924,James Durkin
935,Dean Skipper
909,Thomas Parsons
921,Joshua Smith
928,Lisa Benn
2912,Wayne Cartmel
916,Sam Mulhall
907,Daniel Lamport
933,Joe Hull
910,Abigail Marnot
903,David Spain
899,Asaka Koizumi
904,Samuel Allison
911,Phillip Staynings
913,Richard Gardner
912,Ryan Atkin
920,David Rick
926,Elizabeth Simms
927,Will Finnie
923,Robert Massey Ellis
929,Sunny Sukhvir Gill
931,Matthew Dicicco
930,Marc Whaley
936,Jill Short
938,Andrew Kitchen
939,Richard Aspinall
934,Tom Reeves
978,Paul Clarke
842,Richard Hulme
1509,Alan Dale
1721,Edward Duckworth
1621,Savvas Yianni
1809,Andrew Sykes
1274,Samuel Barrott
1720,Peter Shacklady
1624,Ben Speedie
1710,Louise Saunders
34,Lee Collins
1711,Emily Heaslip
1512,Martin Woods
1690,Lloyd Wood
1497,Lewis Smith
1275,Elliot Swallow
1622,Peter Gibbons
1689,Michael Barlow
1872,Christina Hattersley
2127,Richie Watkins
2134,Isaac Searle
1121,Fernando Andrés Rapallini
367,Szymon Marciniak
2311,Mustapha Ghorbal
741,Alireza Faghani
225,Daniel Siebert
76,Clément Turpin
1094,Facundo Tello Figueroa
293,Danny Desmond Makkelie
1834,Ivan Arcides Barton Cisneros
736,Bakary Papa Gassama
740,César Arturo Ramos Palazuelos
2521,Abdulrahman Ibrahim Al Jassim
986,Wilton Pereira Sampaio
438,Ismail Elfath
1847,Jesús Valenzuela Sáez
737,Mohamed Abdulla Hassan Mohd
943,Slavko Vinčić
128,Stéphanie Frappart
1814,Andrés Matonte
2366,Victor Miguel de Freitas Gomes
2638,Raphael Claus
739,Matthew Conger
1835,Mario Alberto Escobar Toca
743,Janny Sikazwe
1701,Chris Beath
1009025,Maurice Guigue
1009022,Mervyn Griffiths
1009078,Vital Georges Gilbert Loraux
1009039,Ferdinand Marschall
1009040,Rudi Glöckner
1009037,José Maria Ortíz De Mendibil
1009033,Abraham Klein
1892,Ramón Ivanoes Barreto Ruiz
435,Mark Geiger
731,Enrique Cáceres
992,Ghead Grisha
176,Nawaf Abdulla Ghayyath Shukralla
742,Joel Antonio Aguilar Chicas
175,Wilmar Alexander Roldán Pérez
730,Néstor Fabián Pitana
738,Sandro Ricci
725,Sergey Karasev
734,Andrés Cunha
732,Malang Diedhiou
735,Ravshan Irmatov
428,Jair Marrufo
1009045,Kurt Tschenscher
1009041,Rudolf Scheurer
1009047,Bobby Davidson
1009044,Werner Winsemann
1009020,Antonio Márquez Ramírez
1900,Ali Bin Nasser
1897,Joël Quiniou
135,Jasmine Peralta
149,Daniel Gutierrez
137,Rosendo Mendoza
156,Eric Tattersall
141,Matthew Franz
143,Marco Vega
136,Karen Abt
752,Lorant Varga
152,Luis Guardia
151,Christina Unkel
750,Timothy Ford
134,Danielle Chesky
155,Mark Allatin
751,Katja Koroleva
441,Joe Dickerson
332,Víctor Rivas
158,Natalie Simon
147,Reyna Fonseca
148,Elvis Osmanovic
144,Farhad Dadkho
331,Sergii Demianchuk
154,Jonathan Bilinski
960,Marta Huerta de Aza
833,Cheryl Foster
374,Kateryna Monzul
723,Esther Staubli
744,Jana Adamkova
965,Lina Lehtovaara
954,Ivana Martinčić
1006663,Emikar Caldera Barrera
811,Iuliana Elena Demetrescu
990,Riem Hussein
830,Tess Olofsson
448,Ovidiu Alin Hațegan
2445,Artur Manuel Ribeiro Soares Dias
591,Lars Christian Andreas Ekberg
583,Istvan Kovacs
2691,Orel Grinfeeld
78,Ruddy Buquet
92,Benoît Millot
79,François Letexier
83,Mikael Lesage
97,Tony Chapron
1950,Fredy Fautrel
77,Jérôme Miguelgorry
84,Sébastien Moreira
82,Benoît Bastien
130,Bartolomeu Varela Teles
1948,Lionel Jaffredo
86,Amaury Delerue
103,Nicolas Rainville
90,Johan Hamel
91,Stéphane Jochem
100,Antony Gautier
715,Stéphane Lannoy
1949,Saïd Ennjimi
104,Frank Schneider
87,Hakim Ben El Hadj Salem
1005821,Wilfried Bien
1171,Tori Penso
2426,Edina Alves Batista
1006261,Hyeon-Jeong Oh
1640,Kate Jacewicz
2476,María Belén Carvajal Peña
2546,Yoshimi Yamashita
1626,Melissa Paola Borjas Pastrana
1005493,Bouchra Karboubi
2637,Anna-Marie Keighley
2508,Salima Mukansanga
2601,Laura Fortunato
1006259,Vincentia Enyonam Amedome
2388,Casey Reibelt
1608,Maria Sole Ferrieri Caputi
1746,Katia Itzel García
1627,Marie-Soleil Beaudoin
1638,Lucila Venegas Montes
721,Katalin Kulcsar
2077,Anastasia Pustovoytova
1632,Claudia Umpiérrez
1951,Ok Ri-Hyang
971,Sandra Braz Bastos
1009030,Arturo Andrés Ithurralde
1009018,José Luis García Carrión
1933,Ángel Franco Martínez
1008758,Florian Meyer
235,Benjamin Brand
1008767,Peter Sippel
1945,Jochen Drees
237,Christian Dingert
716,Wolfgang Stark
230,Manuel Gräfe
1008759,Knut Kircher
1943,Günter Perl
228,Sascha Stegemann
227,Guido Winkmann
1009035,Michael Weiner
231,Deniz Aytekin
241,Felix Zwayer
245,Bastian Dankert
244,Robert Hartmann
229,Tobias Stieler
248,Tobias Welz
236,Marco Fritz
240,Markus Schmidt
238,Patrick Ittrich
